dish_name,leftover_ratio
Fruit Platter,0.3607142857142857
Cold Cucumber Salad,0.35479999999999995
Congee Side Toppings,0.3483783783783784
Braised Pork,0.284
Fried Noodles,0.2794285714285714
Steamed Fish,0.27431818181818185
Chinese Pastry Assortment,0.27125
Steamed Dumplings,0.2707317073170732
Stir-fried Vegetables,0.26465116279069767
Roasted Chicken,0.2593333333333333
Fried Rice,0.25578947368421057
Mixed Seafood,0.253
