event_type,leftover_ratio
normal,0.3088486842105263
banquet,0.27322033898305087
group_tour,0.25912280701754387
wedding,0.24782608695652175
