meal_period,leftover_ratio
Lunch,0.29298013245033117
Dinner,0.2928415300546448
Breakfast,0.28566265060240964
