kitchen_section,leftover_ratio
Cold Dishes,0.3575
Cold / Prep,0.3483783783783784
Chinese Pastry,0.27098765432098765
Hot Kitchen,0.2673103448275862
